# Danny van Dyk
<danny.van.dyk@gmail.com> <danny.van.dyk+eos@gmail.com>
<danny.van.dyk@gmail.com> <danny.dyk@uni-dortmund.de>
<danny.van.dyk@gmail.com> <danny.dyk@tu-dortmund.de>
<danny.van.dyk@gmail.com> <dvandyk@physik.uzh.ch>

# Christoph Bobeth
Christoph Bobeth <christoph.bobeth@gmail.com> cBobeth <christoph.bobeth@gmail.com>
Christoph Bobeth <christoph.bobeth@gmail.com> Christoph Bobeth <bobeth@ph.tum.de>

# Frederik Beaujean
<Frederik.Beaujean@lmu.de> <beaujean@mpp.mpg.de>
<Frederik.Beaujean@lmu.de> <beaujean@pcl128c.mppmu.mpg.de>
<Frederik.Beaujean@lmu.de> <beaujean@debian-fred>

# Méril Reboud
Méril Reboud <merilreboud@gmail.com> mreboud <merilreboud@gmail.com>
Méril Reboud <merilreboud@gmail.com> mreboud <meril.reboud@cern.ch>
Méril Reboud <merilreboud@gmail.com> Méril Reboud <meril.reboud@cern.ch>

# Muslem Rahimi
Muslem Rahimi <moslem_rahimi@hotmail.de> MuslemRahimi <moslem_rahimi@hotmail.de>

# Stephan Kürten
Stephan Kürten <stephan.kuerten91@gmail.com> SKuerten <stephan.kuerten91@gmail.com>

# Thomas Blake
Thomas Blake <thomas.blake@cern.ch> tblake <thomas.blake@cern.ch>

# Philip Lüghausen
Philip Lüghausen <pluegh@gmail.com> Philip Lueghausen <phlueg@gmail.com>
Philip Lüghausen <pluegh@gmail.com> Philip Lueghausen <pluegh@gmail.com>
Philip Lüghausen <pluegh@gmail.com> Philip Lüghausen <pluegh@gmail.com>
Philip Lüghausen <pluegh@gmail.com> pluegh <pluegh@gmail.com>

# Ahmet Kokulu
Ahmet Kokulu <ahmetkokulu@gmail.com> Ahmet Kokulu <ahmet.kokulu@tum.de>

# Domagoj Leljak
Domagoj Leljak <domagojleljak@gmail.com> DomLeljak <domagojleljak@gmail.com>

# Martin Ritter
Martin Ritter <martin.ritter@lmu.de> Martin Ritter <martin.ritter@desy.de>
